{
  "ie": {
    "6": 0.0003479007595688292,
    "7": 0,
    "8": 0.00026092556967662186,
    "9": 0.0003479007595688292,
    "10": 0.0012031567935088677,
    "11": 0.07681358853980108,
    "5.5": 0
  },
  "edge": {
    "12": 0.001551057553077697,
    "13": 0.001029206413724453,
    "14": 0.002246859072215355,
    "15": 0.0005218511393532437,
    "16": 0.0005218511393532437,
    "17": 0.003522495190634396,
    "18": 0.017380542113459425,
    "79": 0,
    "80": 0.004638676794251056,
    "81": 0.0017250079328621115,
    "83": 0.0017250079328621115,
    "84": 0.019714376375566986,
    "85": 0.009538279158178732,
    "86": 0.011770642365412054,
    "87": 0.011103832576238466,
    "88": 0.10054331951539162,
    "89": 0.9031938594356267,
    "90": 0.7871689561194221,
    "91": 1.1927052748568208,
    "92": 1.0531535826747742,
    "93": 0.6011290249399908,
    "94": 0.3802990178036764
  },
  "firefox": {
    "2": 0,
    "3": 0,
    "4": 0,
    "5": 0,
    "6": 0,
    "7": 0,
    "8": 0,
    "9": 0,
    "10": 0,
    "11": 0,
    "12": 0,
    "13": 0,
    "14": 0,
    "15": 0,
    "16": 0,
    "17": 0.005247503123496507,
    "18": 0,
    "19": 0,
    "20": 0,
    "21": 0,
    "22": 0,
    "23": 0,
    "24": 0,
    "25": 0,
    "26": 0,
    "27": 0,
    "28": 0,
    "29": 0,
    "30": 0,
    "31": 0.0001739503797844146,
    "32": 0,
    "33": 0.004218296709772054,
    "34": 0,
    "35": 0,
    "36": 0,
    "37": 0,
    "38": 0.00043487594946103647,
    "39": 0.0001739503797844146,
    "40": 0,
    "41": 0,
    "42": 0,
    "43": 0.003710941435400845,
    "44": 0.0035949745155445688,
    "45": 0.0005218511393532437,
    "46": 0,
    "47": 0,
    "48": 0,
    "49": 0,
    "50": 0,
    "51": 0,
    "52": 0.0015655534180597313,
    "53": 0,
    "54": 0,
    "55": 0,
    "56": 0.0011161816036166603,
    "57": 0,
    "58": 0.026237515617482537,
    "59": 0.0001739503797844146,
    "60": 0.003348544810849981,
    "61": 0.001029206413724453,
    "62": 0,
    "63": 0.0007682808440478311,
    "64": 0.0011161816036166603,
    "65": 0.0006958015191376584,
    "66": 0.0011161816036166603,
    "67": 0.0008697518989220729,
    "68": 0.008175667849867485,
    "69": 0.0006088263292454511,
    "70": 0.0013046278483831095,
    "71": 0.0014640823631854895,
    "72": 0.00819016371484952,
    "73": 0.001377107173293282,
    "74": 0.0007827767090298656,
    "75": 0.0006813056541556239,
    "76": 0.0005218511393532437,
    "77": 0.0062767095372209605,
    "78": 0.15999086180671532,
    "79": 0.010335551732190635,
    "80": 0.0040443463299876395,
    "81": 0.0024208094519997695,
    "82": 0.0032760654859398082,
    "83": 0.006624610296789789,
    "84": 0.02080156624921958,
    "85": 0.0726677711549392,
    "86": 0.2704058653748725,
    "87": 0.3071528831043301,
    "88": 0.4479657155398137,
    "89": 0.5090222988441432,
    "90": 0.30871843652238984,
    "91": 0.27937880579875185,
    "92": 0.25201061271267067,
    "93": 0.03868946363705021,
    "94": 0.0024208094519997695,
    "95": 0,
    "3.5": 0,
    "3.6": 0
  },
  "chrome": {
    "4": 0,
    "5": 0,
    "6": 0,
    "7": 0,
    "8": 0,
    "9": 0,
    "10": 0,
    "11": 0,
    "12": 0,
    "13": 0,
    "14": 0,
    "15": 0,
    "16": 0,
    "17": 0,
    "18": 0,
    "19": 0,
    "20": 0,
    "21": 0,
    "22": 0,
    "23": 0,
    "24": 0,
    "25": 0,
    "26": 0,
    "27": 0,
    "28": 0.0003479007595688292,
    "29": 0,
    "30": 0,
    "31": 0,
    "32": 0,
    "33": 0,
    "34": 0,
    "35": 0,
    "36": 0,
    "37": 0.0012031567935088677,
    "38": 0,
    "39": 0,
    "40": 0,
    "41": 0,
    "42": 0,
    "43": 0.0003479007595688292,
    "44": 0,
    "45": 0.0005218511393532437,
    "46": 0.0001739503797844146,
    "47": 0.00026092556967662186,
    "48": 0.007407387005819654,
    "49": 0.005508428693173128,
    "50": 0.0006958015191376584,
    "51": 0.0005218511393532437,
    "52": 0,
    "53": 0.0008552560339400385,
    "54": 0.0011161816036166603,
    "55": 0.0012031567935088677,
    "56": 0.0006958015191376584,
    "57": 0.0033775365408140502,
    "58": 0.001478578228167524,
    "59": 0.0008697518989220729,
    "60": 0.0018844624476644916,
    "61": 0.004131321519879847,
    "62": 0.08133629841419586,
    "63": 0.01653978194450142,
    "64": 0.052475031234965074,
    "65": 0.010408031057100807,
    "66": 0.0069580151913765835,
    "67": 0.010408031057100807,
    "68": 0.006218726077292821,
    "69": 0.024860408444189252,
    "70": 0.16480348898075078,
    "71": 0.014553848441962688,
    "72": 0.0707833087072747,
    "73": 0.02306292118641697,
    "74": 0.019366475615998156,
    "75": 0.022628045236955933,
    "76": 0.0852501819593452,
    "77": 0.02874530025937451,
    "78": 0.2783206076550634,
    "79": 0.4184231427064273,
    "80": 0.14094329522032192,
    "81": 0.054910336551946874,
    "83": 0.11260387918044439,
    "84": 0.2141909009745425,
    "85": 0.132579181125688,
    "86": 3.0138932718747315,
    "87": 0.6337882087445146,
    "88": 3.4451742468202236,
    "89": 13.51434996410099,
    "90": 12.55178104169895,
    "91": 18.787916652835197,
    "92": 12.019579854748534,
    "93": 6.153596155928541,
    "94": 4.035880744838131,
    "95": 0.01962740118567478,
    "96": 0.0073638994108735515,
    "97": 0
  },
  "safari": {
    "4": 0,
    "5": 0,
    "6": 0,
    "7": 0,
    "8": 0,
    "9": 0.0016380327429699041,
    "10": 0.0003479007595688292,
    "11": 0.0006813056541556239,
    "12": 0.004740147849125298,
    "13": 0.03697895156917014,
    "14": 1.4824486241177273,
    "15": 0.16023729151140992,
    "3.1": 0,
    "3.2": 0,
    "5.1": 0,
    "6.1": 0,
    "7.1": 0,
    "9.1": 0.0005218511393532437,
    "10.1": 0.001377107173293282,
    "11.1": 0.020207235784956163,
    "12.1": 0.040762372329481156,
    "13.1": 0.2604472061322147,
    "14.1": 1.8517017928050934,
    "TP": 0
  },
  "opera": {
    "9": 0,
    "11": 0,
    "12": 0,
    "15": 0,
    "16": 0,
    "17": 0,
    "18": 0,
    "19": 0,
    "20": 0,
    "21": 0,
    "22": 0,
    "23": 0,
    "24": 0,
    "25": 0,
    "26": 0,
    "27": 0,
    "28": 0.0005218511393532437,
    "29": 0,
    "30": 0,
    "31": 0,
    "32": 0,
    "33": 0,
    "34": 0,
    "35": 0,
    "36": 0,
    "37": 0,
    "38": 0,
    "39": 0,
    "40": 0,
    "41": 0,
    "42": 0,
    "43": 0,
    "44": 0,
    "45": 0,
    "46": 0.0005218511393532437,
    "47": 0,
    "48": 0,
    "49": 0,
    "50": 0,
    "51": 0,
    "52": 0,
    "53": 0,
    "54": 0,
    "55": 0,
    "56": 0,
    "57": 0,
    "58": 0,
    "60": 0,
    "62": 0,
    "63": 0,
    "64": 0,
    "65": 0,
    "66": 0,
    "67": 0,
    "68": 0.0006813056541556239,
    "69": 0,
    "70": 0,
    "71": 0.0006088263292454511,
    "72": 0.005102544473676161,
    "73": 0.22387413878254156,
    "74": 0.11485073825265975,
    "75": 0.2771609384565006,
    "76": 0.2111612651932973,
    "77": 0.29465744748981626,
    "78": 0.3201701698581971,
    "79": 0.12757810770688607,
    "80": 0.003710941435400845,
    "9.5-9.6": 0,
    "10.0-10.1": 0,
    "10.5": 0,
    "10.6": 0,
    "11.1": 0,
    "11.5": 0,
    "11.6": 0,
    "12.1": 0
  },
  "ios_saf": {
    "8": 0,
    "15": 0.09891978263740375,
    "3.2": 0,
    "4.0-4.1": 0,
    "4.2-4.3": 0,
    "5.0-5.1": 0.0001739503797844146,
    "6.0-6.1": 0.0005218511393532437,
    "7.0-7.1": 0,
    "8.1-8.4": 0.00043487594946103647,
    "9.0-9.2": 0.001898958312646526,
    "9.3": 0.005769354262849751,
    "10.0-10.2": 0.002768710211568599,
    "10.3": 0.012060559665052744,
    "11.0-11.2": 0.0041458173848618815,
    "11.3-11.4": 0.006537635106897582,
    "12.0-12.1": 0.0031311068361194625,
    "12.2-12.5": 0.0793793566416212,
    "13.0-13.1": 0.006218726077292821,
    "13.2": 0.004160313249843915,
    "13.3": 0.023584772325770213,
    "13.4-13.7": 0.06647803680761044,
    "14.0-14.4": 1.1514355472529685,
    "14.5-14.8": 1.5027718268225398
  },
  "op_mini": {
    "all": 0.0001739503797844146
  },
  "android": {
    "3": 0,
    "4": 0,
    "94": 0.7372451971212951,
    "2.1": 0,
    "2.2": 0,