{
  "ie": {
    "6": 0.0003722856933359728,
    "7": 0.0001942360139144206,
    "8": 0.00027516768637876246,
    "9": 0.0005665217072503933,
    "10": 0.0012139750869651286,
    "11": 0.08444410704929434,
    "5.5": 0
  },
  "edge": {
    "12": 0.0016833787872583116,
    "13": 0.0009388074005863661,
    "14": 0.0028164222017590984,
    "15": 0.0005665217072503933,
    "16": 0.0005665217072503933,
    "17": 0.004030397288724227,
    "18": 0.019536905732892136,
    "79": 0,
    "80": 0.005632844403518197,
    "81": 0.0024441365084231256,
    "83": 0.002168968822044363,
    "84": 0.02152782487551495,
    "85": 0.010958148451671895,
    "86": 0.01338609862560215,
    "87": 0.012754831580380285,
    "88": 0.11202562102514207,
    "89": 1.0125685268703675,
    "90": 0.880407105736097,
    "91": 1.3369426701074498,
    "92": 1.1765522816176168,
    "93": 0.6649022482980474
  },
  "firefox": {
    "2": 0,
    "3": 0,
    "4": 0,
    "5": 0,
    "6": 0,
    "7": 0,
    "8": 0,
    "9": 0,
    "10": 0.0001942360139144206,
    "11": 0,
    "12": 0,
    "13": 0,
    "14": 0,
    "15": 0,
    "16": 0,
    "17": 0.0057947077484468805,
    "18": 0,
    "19": 0,
    "20": 0,
    "21": 0,
    "22": 0,
    "23": 0,
    "24": 0,
    "25": 0,
    "26": 0,
    "27": 0,
    "28": 0,
    "29": 0,
    "30": 0,
    "31": 0.0001942360139144206,
    "32": 0,
    "33": 0.004580732661481752,
    "34": 0,
    "35": 0,
    "36": 0.0000971180069572103,
    "37": 0,
    "38": 0.00046940370029318305,
    "39": 0.0001942360139144206,
    "40": 0.0000971180069572103,
    "41": 0.0000971180069572103,
    "42": 0,
    "43": 0.004224633302638648,
    "44": 0.0039170929472741485,
    "45": 0.0005665217072503933,
    "46": 0.0003884720278288412,
    "47": 0,
    "48": 0.0003722856933359728,
    "49": 0,
    "50": 0,
    "51": 0,
    "52": 0.0016833787872583116,
    "53": 0.0001942360139144206,
    "54": 0.0003884720278288412,
    "55": 0.0000971180069572103,
    "56": 0.0015053291078367596,
    "57": 0.0001942360139144206,
    "58": 0.029070656749191615,
    "59": 0.0003884720278288412,
    "60": 0.0036581115953882542,
    "61": 0.0009388074005863661,
    "62": 0.00029135402087163083,
    "63": 0.0008416893936291558,
    "64": 0.0013110930939223388,
    "65": 0.0005665217072503933,
    "66": 0.00169956512175118,
    "67": 0.0009388074005863661,
    "68": 0.009080533650499161,
    "69": 0.0006474533797147352,
    "70": 0.001780496794215522,
    "71": 0.0015862607803011014,
    "72": 0.009274769664413582,
    "73": 0.0019747328081299426,
    "74": 0.0008416893936291558,
    "75": 0.0013272794284152074,
    "76": 0.0010521117420364448,
    "77": 0.007121987176862088,
    "78": 0.17468292184703557,
    "79": 0.010844844110221817,
    "80": 0.004580732661481752,
    "81": 0.0026221861878446776,
    "82": 0.0035771799229239124,
    "83": 0.007283850521790772,
    "84": 0.022936035976394497,
    "85": 0.08098023146782052,
    "86": 0.30135717558822356,
    "87": 0.3473587382169555,
    "88": 0.5011612885681909,
    "89": 0.5718631976330399,
    "90": 0.34099750876125823,
    "91": 0.31071287692510147,
    "92": 0.26488936397579105,
    "93": 0.014486769371117203,
    "94": 0.00046940370029318305,
    "3.5": 0,
    "3.6": 0
  },
  "chrome": {
    "4": 0,
    "5": 0.0001942360139144206,
    "6": 0,
    "7": 0,
    "8": 0,
    "9": 0.0001942360139144206,
    "10": 0,
    "11": 0.0000971180069572103,
    "12": 0,
    "13": 0,
    "14": 0,
    "15": 0.0001942360139144206,
    "16": 0,
    "17": 0,
    "18": 0,
    "19": 0,
    "20": 0,
    "21": 0,
    "22": 0,
    "23": 0,
    "24": 0,
    "25": 0,
    "26": 0,
    "27": 0,
    "28": 0.0003722856933359728,
    "29": 0.00029135402087163083,
    "30": 0,
    "31": 0.0000971180069572103,
    "32": 0,
    "33": 0,
    "34": 0,
    "35": 0,
    "36": 0,
    "37": 0.0013110930939223388,
    "38": 0,
    "39": 0,
    "40": 0,
    "41": 0,
    "42": 0.0001942360139144206,
    "43": 0.0005665217072503933,
    "44": 0.00029135402087163083,
    "45": 0.0006636397142076037,
    "46": 0.00029135402087163083,
    "47": 0.0008578757281220243,
    "48": 0.009274769664413582,
    "49": 0.006765887818018983,
    "50": 0.0011330434145007866,
    "51": 0.0010521117420364448,
    "52": 0.00029135402087163083,
    "53": 0.0010359254075435764,
    "54": 0.0012139750869651286,
    "55": 0.0018938011356656006,
    "56": 0.0009388074005863661,
    "57": 0.003641925260895386,
    "58": 0.0028649812052377035,
    "59": 0.0011330434145007866,
    "60": 0.0030268445501663876,
    "61": 0.004677850668438963,
    "62": 0.09336277735486483,
    "63": 0.02122028452015045,
    "64": 0.05903156189549099,
    "65": 0.013127117273716257,
    "66": 0.007866558563534033,
    "67": 0.012560595566465865,
    "68": 0.0074295275322265875,
    "69": 0.027953799669183696,
    "70": 0.0949652244696588,
    "71": 0.017254632569397695,
    "72": 0.07848753595591879,
    "73": 0.023971961383938076,
    "74": 0.022677054624508603,
    "75": 0.02510500479843886,
    "76": 0.09290955998906451,
    "77": 0.03229173731327242,
    "78": 0.3104377092387227,
    "79": 0.4684325202236109,
    "80": 0.15640855020458716,
    "81": 0.06209077911464311,
    "83": 0.12280571979739242,
    "84": 0.23465329114311295,
    "85": 0.14742513456104522,
    "86": 3.3705775494569408,
    "87": 0.7151608168984037,
    "88": 3.849077969735115,
    "89": 15.075110257263983,
    "90": 14.004578466574651,
    "91": 20.81789224465774,
    "92": 13.375334713164394,
    "93": 6.731232875869752,
    "94": 2.6834190912311993,
    "95": 0.02160875654797929,
    "96": 0.01040781307891437,
    "97": 0
  },
  "safari": {
    "4": 0,
    "5": 0,
    "6": 0,
    "7": 0,
    "8": 0,
    "9": 0,
    "10": 0,
    "11": 0,
    "12": 0,
    "13": 0,
    "14": 0,
    "15": 0,
    "3.1": 0,
    "3.2": 0,
    "5.1": 0,
    "6.1": 0,
    "7.1": 0,
    "9.1": 0,
    "10.1": 0,
    "11.1": 0,
    "12.1": 0,
    "13.1": 0,
    "14.1": 0,
    "TP": 0
  },
  "opera": {
    "9": 0,
    "11": 0,
    "12": 0.0001942360139144206,
    "15": 0,
    "16": 0,
    "17": 0,
    "18": 0,
    "19": 0,
    "20": 0,
    "21": 0,
    "22": 0,
    "23": 0,
    "24": 0,
    "25": 0,
    "26": 0,
    "27": 0,
    "28": 0.0005665217072503933,
    "29": 0,
    "30": 0,
    "31": 0,
    "32": 0,
    "33": 0,
    "34": 0,
    "35": 0,
    "36": 0,
    "37": 0,
    "38": 0.0001942360139144206,
    "39": 0,
    "40": 0,
    "41": 0,
    "42": 0,
    "43": 0,
    "44": 0,
    "45": 0,
    "46": 0.0003722856933359728,
    "47": 0,
    "48": 0,
    "49": 0,
    "50": 0,
    "51": 0,
    "52": 0,
    "53": 0,
    "54": 0,
    "55": 0,
    "56": 0.0001942360139144206,
    "57": 0,
    "58": 0,
    "60": 0,
    "62": 0,
    "63": 0,
    "64": 0,
    "65": 0,
    "66": 0.0001942360139144206,
    "67": 0.0001942360139144206,
    "68": 0,
    "69": 0.0001942360139144206,
    "70": 0.0001942360139144206,
    "71": 0.0001942360139144206,
    "72": 0.0027193041948018882,
    "73": 0.004289378640610121,
    "74": 0.014794309726481701,
    "75": 0.0198120734192709,
    "76": 0.025930507857575148,
    "77": 0.022045787579286737,
    "78": 0.015943539475475357,
    "79": 0.003463875581473834,
    "9.5-9.6": 0,
    "10.0-10.1": 0,
    "10.5": 0,
    "10.6": 0,
    "11.1": 0,
    "11.5": 0,
    "11.6": 0,
    "12.1": 0
  },
  "ios_saf": {
    "8": 0,
    "15": 0.023696793697559313,
    "3.2": 0,
    "4.0-4.1": 0,
    "4.2-4.3": 0,
    "5.0-5.1": 0,
    "6.0-6.1": 0.0000971180069572103,
    "7.0-7.1": 0,
    "8.1-8.4": 0,
    "9.0-9.2": 0,
    "9.3": 0.0003884720278288412,
    "10.0-10.2": 0.0016024471147939698,
    "10.3": 0.0009549937350792345,
    "11.0-11.2": 0,
    "11.3-11.4": 0,
    "12.0-12.1": 0.0001942360139144206,
    "12.2-12.4": 0.0024765091774088623,
    "13.0-13.1": 0.0014243974353724176,
    "13.2": 0.0010521117420364448,
    "13.3": 0.0015053291078367596,
    "13.4-13.7": 0.011152384465586316,
    "14.0-14.4": 0.2732900715775898,
    "14.5-14.7": 0.37783760606702665
  },